<beans xmlns="http://www.springframework.org/schema/beans"
	xmlns:context="http://www.springframework.org/schema/context"
	xmlns:aop="http://www.springframework.org/schema/aop" 
	xmlns:tx="http://www.springframework.org/schema/tx"
	xmlns:util="http://www.springframework.org/schema/util"
	xmlns:xsi="http://www.w3.org/2001/XMLSchema-instance"
	xsi:schemaLocation="
	http://www.springframework.org/schema/beans http://www.springframework.org/schema/beans/spring-beans-4.0.xsd
	http://www.springframework.org/schema/context http://www.springframework.org/schema/context/spring-context-4.0.xsd
	http://www.springframework.org/schema/aop http://www.springframework.org/schema/aop/spring-aop-4.0.xsd 
	http://www.springframework.org/schema/tx http://www.springframework.org/schema/tx/spring-tx-4.0.xsd
	http://www.springframework.org/schema/util http://www.springframework.org/schema/util/spring-util-4.0.xsd">
	
	<!--spring整合mybatis
		1.整合SqlSessionFactoryBean
		2.整合mapper接口文件
	  -->
	 <bean id="sqlSessionFactory" class="org.mybatis.spring.SqlSessionFactoryBean">
	 	<property name="dataSource" ref="dataSource"/>
	 	<property name="configLocation" 
	 	value="classpath:/mybatis/mybatis-config.xml"/>
	 	<property name="mapperLocations"
	 	value="classpath:/mybatis/mappers/*.xml"/>
	 	<property name="typeAliasesPackage" 
	 	value="com.jt.dubbo.pojo"/>
	 </bean> 
	 
	<!--spring为接口文件创建代理对象 JDK代理  -->
	<bean class="org.mybatis.spring.mapper.MapperScannerConfigurer">
		<property name="basePackage" 
		value="com.jt.cart.mapper"/>
	</bean>
</beans>